phone_id,phone_name,review_count,positive_percent,neutral_percent,negative_percent,strongest_aspect,weakest_aspect,best_platform,recommendation_label
PH002,Realme P4R 5G,29.0,62.07,27.59,10.34,Display,Build Quality,Flipkart,Generally positive response
PH003,Infinix SMART 20,3.0,0.0,66.67,33.33,Value for Money,Camera,Flipkart,Insufficient review volume
PH006,Oppo A6c,1.0,0.0,0.0,100.0,Battery,Battery,Flipkart,Insufficient review volume
PH007,Realme 16T 5G,55.0,78.18,1.82,20.0,Gaming,Charging,Amazon,Generally positive response
PH008,HMD Vibe 2 5G,106.0,79.25,5.66,15.09,Value for Money,Heating,Flipkart,Generally positive response
PH009,Moto G37 Power,29.0,55.17,0.0,44.83,Design,Connectivity,Flipkart,Consumer concerns need attention
PH010,Moto G37,38.0,55.26,10.53,34.21,Software,Performance,Flipkart,Consumer concerns need attention
PH012,Oneplus Nord CE 6 Lite,113.0,83.19,7.08,9.73,Display,Connectivity,Amazon,Strong consumer response
PH013,Poco C81,11.0,27.27,27.27,45.45,Performance,Performance,Flipkart,Consumer concerns need attention
PH014,Poco C81x,11.0,36.36,9.09,54.55,Charging,Heating,Flipkart,Consumer concerns need attention
PH015,Redmi A7,8.0,25.0,12.5,62.5,Software,Speaker & Audio,Flipkart,Insufficient review volume
PH016,Redmi A7 Pro,135.0,42.96,14.07,42.96,Gaming,Build Quality,Amazon,Consumer concerns need attention
PH017,Tecno Pop X 5G,7.0,57.14,0.0,42.86,Design,Software,Amazon,Insufficient review volume
PH018,Vivo Y05,10.0,30.0,30.0,40.0,Connectivity,Display,Amazon,Consumer concerns need attention
PH019,Oppo F33 5G,14.0,50.0,28.57,21.43,Battery,Software,Flipkart,Mixed consumer response
PH020,Vivo T5 Pro 5G,115.0,76.52,8.7,14.78,Design,Connectivity,Amazon,Strong consumer response
PH021,Realme Narzo 100 Lite 5G,66.0,51.52,16.67,31.82,Design,Charging,Amazon,Consumer concerns need attention
PH022,Ai+ Nova 2 Ultra 5G,86.0,54.65,18.6,26.74,Design,Display,Flipkart,Mixed consumer response
PH023,Ai+ Nova 2 5G,61.0,68.85,13.11,18.03,Build Quality,Charging,Flipkart,Generally positive response
PH024,Redmi Note 15 SE 5G,45.0,73.33,11.11,15.56,Design,Charging,Flipkart,Generally positive response
PH025,Lava Bold N2 Lite,4.0,25.0,0.0,75.0,Build Quality,Charging,Amazon,Insufficient review volume
PH026,Tecno Spark 50 5G,4.0,25.0,25.0,50.0,Value for Money,Software,Flipkart,Insufficient review volume
PH027,Redmi 15A 5G,33.0,54.55,15.15,30.3,Battery,Software,Flipkart,Consumer concerns need attention
PH028,Vivo Y11 5G,14.0,42.86,7.14,50.0,Performance,Build Quality,Amazon,Consumer concerns need attention
PH029,Vivo Y21 5G,8.0,37.5,25.0,37.5,Speaker & Audio,Speaker & Audio,Flipkart,Insufficient review volume
PH030,Realme P4 Lite 5G,44.0,63.64,22.73,13.64,Battery,Connectivity,Amazon,Generally positive response
PH031,Oppo A6s 5G,89.0,77.53,11.24,11.24,Camera,Display,Amazon,Strong consumer response
PH032,Samsung Galaxy M17e 5G,125.0,50.4,16.8,32.8,Design,Charging,Amazon,Consumer concerns need attention
PH033,Vivo T5x 5G,127.0,64.57,18.11,17.32,Connectivity,Heating,Flipkart,Generally positive response
PH034,Oppo K14 5G,89.0,52.81,17.98,29.21,Battery,Build Quality,Flipkart,Mixed consumer response
PH035,LAVA Bold 2 5G,119.0,78.15,10.92,10.92,Gaming,Heating,Amazon,Strong consumer response
PH036,iQOO Z11x 5G,140.0,78.57,10.0,11.43,Gaming,Connectivity,Flipkart,Strong consumer response
PH037,Vivo Y51 Pro,14.0,57.14,7.14,35.71,Battery,Software,Flipkart,Consumer concerns need attention
PH038,Poco C85x 5G,118.0,74.58,13.56,11.86,Speaker & Audio,Charging,Flipkart,Generally positive response
PH040,Realme C83 5G,34.0,58.82,14.71,26.47,Gaming,Connectivity,Amazon,Mixed consumer response
PH041,Motorola Edge 70 Fusion,100.0,82.0,5.0,13.0,Performance,Connectivity,Flipkart,Strong consumer response
PH042,Realme Narzo Power 5G,52.0,46.15,15.38,38.46,Design,Speaker & Audio,Amazon,Consumer concerns need attention
PH043,Ai+ Pulse 2,44.0,59.09,11.36,29.55,Design,Software,Flipkart,Mixed consumer response
PH044,Infinix Note Edge 5G,25.0,80.0,4.0,16.0,Build Quality,Battery,Flipkart,Generally positive response
PH045,Tecno Pova Curve 2,33.0,48.48,12.12,39.39,Design,Heating,Flipkart,Consumer concerns need attention
PH047,Oppo K14x 5G,131.0,70.99,3.82,25.19,Connectivity,Heating,Flipkart,Generally positive response
PH048,Samsung Galaxy F70e 5G,172.0,60.47,10.47,29.07,Display,Heating,Flipkart,Generally positive response
PH049,Realme P4 Power,35.0,80.0,5.71,14.29,Display,Connectivity,Flipkart,Strong consumer response
PH050,Redmi Note 15 Pro,106.0,60.38,9.43,30.19,Design,Software,Flipkart,Generally positive response
PH051,Oppo A6 5G,10.0,50.0,0.0,50.0,Performance,Build Quality,Amazon,Consumer concerns need attention
PH052,Lava Blaze Duo 3 5G,13.0,76.92,7.69,15.38,Battery,Heating,Amazon,Generally positive response
PH053,Tecno Spark Go 3,71.0,80.28,8.45,11.27,Battery,Value for Money,Amazon,Strong consumer response
PH054,Samsung Galaxy A07 5G,18.0,61.11,11.11,27.78,Camera,Battery,Amazon,Generally positive response
PH055,Poco M8,166.0,78.31,6.63,15.06,Design,Connectivity,Flipkart,Generally positive response
PH056,Redmi Note 15,119.0,77.31,7.56,15.13,Gaming,Software,Flipkart,Generally positive response
PH057,Oppo A6 Pro 5G,31.0,80.65,0.0,19.35,Build Quality,Heating,Flipkart,Generally positive response
