phone_id,phone_name,brand,launch_date,display,processor,battery,camera,ram,storage,os,flipkart_price,amazon_price,flipkart_rating,amazon_rating,price_last_updated,image_url,image_local_path,smartprix_url,spec_source_url,enrichment_status,last_updated,notes
PH001,Tecno Pova 8 5G,Tecno,18-Jun-2026,,,,,,,,"₹29,999","₹29,999",Not yet rated,Not yet rated,2026-06-29,,,,Smartphones research data.xlsx,Pending,,Research file name: Tecno Pova 8 5G
PH002,Realme P4R 5G,Realme,10-Jun-2026,,,,,,,,"₹18,999",21450,4.6/5,Not Listed,2026-06-29,,,,Smartphones research data.xlsx,Pending,,Research file name: Realme P4R 5G
PH003,Infinix SMART 20,Infinix,08-Jun-2026,,,,,,,,"₹12,499","₹12,499",3.9/5,Not yet rated,2026-06-29,,,,Smartphones research data.xlsx,Pending,,Research file name: Infinix SMART 20
PH004,LAVA Bold N2,Lava,03-Jun-2026,,,,,,,,"₹12,499","₹12,499",Not yet rated,Not yet rated,2026-06-29,,,,Smartphones research data.xlsx,Pending,,Research file name: Lava Bold N2 5G
PH005,LAVA Shark 2 5G,Lava,10-Jun-2026,,,,,,,,,,Not Listed,Not Listed,2026-06-29,,,,Smartphones research data.xlsx,Pending,,Research file name: Lava Shark 2 5G
PH006,Oppo A6c,Oppo,26-May-2026,,,,,,,,"₹12,999","₹13,999",4/5,Not yet rated,2026-06-29,,,,Smartphones research data.xlsx,Pending,,Research file name: Oppo A6c
PH007,Realme 16T 5G,Realme,26-May-2026,,,,,,,,"₹25,999",,3.8/5,Not Listed,2026-06-29,,,,Smartphones research data.xlsx,Pending,,Research file name: Realme 16T 5G
PH008,HMD Vibe 2 5G,HMD,21-May-2026,,,,,,,,"₹12,999",,4.6/5,Not Listed,2026-06-29,,,,Smartphones research data.xlsx,Pending,,Research file name: HMD Vibe 2 5G
PH009,Moto G37 Power,Motorola,19-May-2026,,,,,,,,"₹15,999","₹15,999",4.2/5,3/5,2026-06-29,,,,Smartphones research data.xlsx,Pending,,Research file name: Moto G37 Power
PH010,Moto G37,Motorola,19-May-2026,,,,,,,,"₹13,999",14999,4.3/5,Not yet rated,2026-06-29,,,,Smartphones research data.xlsx,Pending,,Research file name: Moto G37
PH011,Itel Zeno 200,Itel,08-May-2026,,,,,,,,"₹9,999","₹9,999",Not yet rated,Not yet rated,2026-06-29,,,,Smartphones research data.xlsx,Pending,,Research file name: Itel Zeno 200
PH012,Oneplus Nord CE 6 Lite,OnePlus,07-May-2026,,,,,,,,24999,"₹25,999",4.2/5,4.3/5,2026-06-29,,,,Smartphones research data.xlsx,Pending,,Research file name: OnePlus Nord CE 6 Lite
PH013,Poco C81,Poco,25-Apr-2026,,,,,,,,11999,11600,3.8/5,Not yet rated,2026-06-29,,,,Smartphones research data.xlsx,Pending,,Research file name: Poco C81
PH014,Poco C81x,Poco,25-Apr-2026,,,,,,,,10999,"₹9,999",4/5,Not yet rated,2026-06-29,,,,Smartphones research data.xlsx,Pending,,Research file name: Poco C81x
PH015,Redmi A7,Redmi,23-Apr-2026,,,,,,,,11499,11499,4.1/5,Not yet rated,2026-06-29,,,,Smartphones research data.xlsx,Pending,,Research file name: Redmi A7
PH016,Redmi A7 Pro,Redmi,23-Apr-2026,,,,,,,,13500,12999,3.8/5,3.4/5,2026-06-29,,,,Smartphones research data.xlsx,Pending,,Research file name: Redmi A7 Pro
PH017,Tecno Pop X 5G,Tecno,22-Apr-2026,,,,,,,,18990,16500,out of stock,3.4/5,2026-06-29,,,,Smartphones research data.xlsx,Pending,,Research file name: Tecno Pop X 5G
PH018,Vivo Y05,Vivo,18-Apr-2026,,,,,,,,12999,12999,3.7/5,3.4/5,2026-06-29,,,,Smartphones research data.xlsx,Pending,,Research file name: Vivo Y05
PH019,Oppo F33 5G,Oppo,17-Apr-2026,,,,,,,,34999,"₹29,999",4.3/5,3.3/5,2026-06-29,,,,Smartphones research data.xlsx,Pending,,Research file name: Oppo F33 5G
PH020,Vivo T5 Pro 5G,Vivo,17-Apr-2026,,,,,,,,32999,33900,4.5/5,4.1/5,2026-06-29,,,,Smartphones research data.xlsx,Pending,,Research file name: Vivo T5 Pro 5G
PH021,Realme Narzo 100 Lite 5G,Realme,16-Apr-2026,,,,,,,,14500,14999,4.1/5,4.0/5,2026-06-29,,,,Smartphones research data.xlsx,Pending,,Research file name: Realme Narzo 100 Lite 5G
PH022,Ai+ Nova 2 Ultra 5G,Ai+,09-Apr-2026,,,,,,,,"₹17,999",,4.2/5,Not Listed,2026-06-29,,,,Smartphones research data.xlsx,Pending,,Research file name: Ai+ Nova 2 Ultra 5G
PH023,Ai+ Nova 2 5G,Ai+,09-Apr-2026,,,,,,,,11999,13000,4.4/5,Not yet rated,2026-06-29,,,,Smartphones research data.xlsx,Pending,,Research file name: Ai+ Nova 2 5G
PH024,Redmi Note 15 SE 5G,Redmi,07-Apr-2026,,,,,,,,"₹22,999",21449,4.4/5,4.0/5,2026-06-29,,,,Smartphones research data.xlsx,Pending,,Research file name: Redmi Note 15 SE 5G
PH025,Lava Bold N2 Lite,Lava,46135,,,,,,,,,8699,Not Listed,3.2/7,2026-06-29,,,,Smartphones research data.xlsx,Pending,,Research file name: Lava Bold N2 Lite
PH026,Tecno Spark 50 5G,Tecno,46115,,,,,,,,18999,18999,Not yet rated,Not yet rated,2026-06-29,,,,Smartphones research data.xlsx,Pending,,Research file name: Tecno Spark 50 5G
PH027,Redmi 15A 5G,Redmi,46093,,,,,,,,14999,14859,3.9/5,Not yet rated,2026-06-29,,,,Smartphones research data.xlsx,Pending,,Research file name: Redmi 15A 5G
PH028,Vivo Y11 5G,Vivo,24-Mar-2026,,,,,,,,"₹14,999","₹14,999",4.1/5,3.7/40,2026-06-29,,,,Smartphones research data.xlsx,Pending,,Research file name: Vivo Y11 5G
PH029,Vivo Y21 5G,Vivo,24-Mar-2026,,,,,,,,18999,17990,4.0/5,3.3/5,2026-06-29,,,,Smartphones research data.xlsx,Pending,,Research file name: Vivo Y21 5G
PH030,Realme P4 Lite 5G,Realme,20-Mar-2026,,,,,,,,13999,"₹14,390",4.3/5,4.0/5,2026-06-29,,,,Smartphones research data.xlsx,Pending,,Research file name: Realme P4 Lite 5G
PH031,Oppo A6s 5G,Oppo,18-Mar-2026,,,,,,,,20999,20999,4.4/5,4.3/5,2026-06-29,,,,Smartphones research data.xlsx,Pending,,Research file name: Oppo A6s 5G
PH032,Samsung Galaxy M17e 5G,Samsung,18-Mar-2026,,,,,,,,"₹13,498",12999,4.0/5,4.0/5,2026-06-29,,,,Smartphones research data.xlsx,Pending,,Research file name: Samsung Galaxy M17e 5G
PH033,Vivo T5x 5G,Vivo,17-Mar-2026,,,,,,,,"₹22,499","₹22,499",4.4/5,4.0/5,2026-06-29,,,,Smartphones research data.xlsx,Pending,,Research file name: Vivo T5x 5G
PH034,Oppo K14 5G,Oppo,18-Mar-2026,,,,,,,,"₹19,999","₹19,999",4.4/5,4.5/5,2026-06-29,,,,Smartphones research data.xlsx,Pending,,Research file name: Oppo K14 5G
PH035,LAVA Bold 2 5G,Lava,13-Mar-2026,,,,,,,,17990,"₹15,499",4.1/5,4.1/5,2026-06-29,,,,Smartphones research data.xlsx,Pending,,Research file name: Lava Bold 2 5G
PH036,iQOO Z11x 5G,iQOO,13-Mar-2026,,,,,,,,"₹22,999","₹22,999",4.3/5,4.2/5,2026-06-29,,,,Smartphones research data.xlsx,Pending,,Research file name: iQOO Z11x 5G
PH037,Vivo Y51 Pro,Vivo,12-Mar-2026,,,,,,,,30999,,4.3/5,Not listed,2026-06-29,,,,Smartphones research data.xlsx,Pending,,Research file name: Vivo Y51 Pro
PH038,Poco C85x 5G,Poco,11-Mar-2026,,,,,,,,"₹12,499",13999,4.1/5,3.6/5,2026-06-29,,,,Smartphones research data.xlsx,Pending,,Research file name: Poco C85x 5G
PH039,Itel Zeno 100,Itel,07-Mar-2026,,,,,,,,"₹8,899",,Not yet rated,Not listed,2026-06-29,,,,Smartphones research data.xlsx,Pending,,Research file name: Itel Zeno 100
PH040,Realme C83 5G,Realme,07-Mar-2026,,,,,,,,16400,14499,4.1/5,4.4/5,2026-06-29,,,,Smartphones research data.xlsx,Pending,,Research file name: Realme C83 5G
PH041,Motorola Edge 70 Fusion,Motorola,07-Mar-2026,,,,,,,,29999,"₹26,999",4.4/5,4.0/5,2026-06-29,,,,Smartphones research data.xlsx,Pending,,Research file name: Motorola Edge 70 Fusion
PH042,Realme Narzo Power 5G,Realme,06-Mar-2026,,,,,,,,28999,,4.0/5,Not Listed,2026-06-29,,,,Smartphones research data.xlsx,Pending,,Research file name: Realme Narzo Power 5G
PH043,Ai+ Pulse 2,Ai+,03-Mar-2026,,,,,,,,10499,10500,4.3/5,1.0/5,2026-06-29,,,,Smartphones research data.xlsx,Pending,,Research file name: Ai+ Pulse 2
PH044,Infinix Note Edge 5G,Infinix,10-Feb-2026,,,,,,,,22999,,4.3/5,Not listed,2026-06-29,,,,Smartphones research data.xlsx,Pending,,Research file name: Infinix Note Edge 5G
PH045,Tecno Pova Curve 2,Tecno,04-Feb-2026,,,,,,,,29999,25899,4.1/5,3.6/7,2026-06-29,,,,Smartphones research data.xlsx,Pending,,Research file name: Tecno Pova Curve 2
PH046,Lava Yuva Star 3,Lava,03-Feb-2026,,,,,,,,12899,,3.4/5,Not listed,2026-06-29,,,,Smartphones research data.xlsx,Pending,,Research file name: Lava Yuva Star 3
PH047,Oppo K14x 5G,Oppo,01-Feb-2026,,,,,,,,15999,15600,4.4/5,3.8/5,2026-06-29,,,,Smartphones research data.xlsx,Pending,,Research file name: Oppo K14x 5G
PH048,Samsung Galaxy F70e 5G,Samsung,31-Jan-2026,,,,,,,,13499,13179,4.3/5,3.5/5,2026-06-29,,,,Smartphones research data.xlsx,Pending,,Research file name: Samsung Galaxy F70e 5G
PH049,Realme P4 Power,Realme,29-Jan-2026,,,,,,,,29499,26999,4.4/5,"4,2/5",2026-06-29,,,,Smartphones research data.xlsx,Pending,,Research file name: Realme P4 Power
PH050,Redmi Note 15 Pro,Redmi,29-Jan-2026,,,,,,,,31011,"₹31,999",4.2/5,3.9/5,2026-06-29,,,,Smartphones research data.xlsx,Pending,,Research file name: Redmi Note 15 Pro
PH051,Oppo A6 5G,Oppo,11-Jan-2026,,,,,,,,23999,23999,4.0/5,4.5/5,2026-06-29,,,,Smartphones research data.xlsx,Pending,,Research file name: Oppo A6 5G
PH052,Lava Blaze Duo 3 5G,Lava,10-Jan-2026,,,,,,,,19999,25999,3.8/5,3.7/5,2026-06-29,,,,Smartphones research data.xlsx,Pending,,Research file name: Lava Blaze Duo 3 5G
PH053,Tecno Spark Go 3,Tecno,07-Jan-2026,,,,,,,,11999,11500,4.0/5,4.6/5,2026-06-29,,,,Smartphones research data.xlsx,Pending,,Research file name: Tecno Spark Go 3
PH054,Samsung Galaxy A07 5G,Samsung,05-Feb-2026,,,,,,,,15499,15999,3.7/5,4.2/5,2026-06-29,,,,Smartphones research data.xlsx,Pending,,Research file name: Samsung Galaxy A07 5G
PH055,Poco M8,Poco,08-Jan-2026,,,,,,,,19999,19990,4.3/5,4.1/5,2026-06-29,,,,Smartphones research data.xlsx,Pending,,Research file name: Poco M8
PH056,Redmi Note 15,Redmi,06-Jan-2026,,,,,,,,25497,"₹26,999",4.4/5,4.1/5,2026-06-29,,,,Smartphones research data.xlsx,Pending,,Research file name: Redmi Note 15
PH057,Oppo A6 Pro 5G,Oppo,06-Jan-2026,,,,,,,,"₹28,999",28999,4.4/5,4.3/5,2026-06-29,,,,Smartphones research data.xlsx,Pending,,Research file name: Oppo A6 Pro 5G
