phone_id,phone_name,flipkart_review_count,amazon_review_count,total_review_count
PH001,Tecno Pova 8 5G,0,0,0
PH002,Realme P4R 5G,28,1,29
PH003,Infinix SMART 20,3,0,3
PH004,LAVA Bold N2,0,0,0
PH005,LAVA Shark 2 5G,0,0,0
PH006,Oppo A6c,1,0,1
PH007,Realme 16T 5G,10,45,55
PH008,HMD Vibe 2 5G,106,0,106
PH009,Moto G37 Power,28,1,29
PH010,Moto G37,38,0,38
PH011,Itel Zeno 200,0,0,0
PH012,Oneplus Nord CE 6 Lite,14,99,113
PH013,Poco C81,11,0,11
PH014,Poco C81x,11,0,11
PH015,Redmi A7,2,6,8
PH016,Redmi A7 Pro,42,93,135
PH017,Tecno Pop X 5G,0,7,7
PH018,Vivo Y05,0,10,10
PH019,Oppo F33 5G,8,6,14
PH020,Vivo T5 Pro 5G,105,10,115
PH021,Realme Narzo 100 Lite 5G,2,64,66
PH022,Ai+ Nova 2 Ultra 5G,86,0,86
PH023,Ai+ Nova 2 5G,60,1,61
PH024,Redmi Note 15 SE 5G,40,5,45
PH025,Lava Bold N2 Lite,1,3,4
PH026,Tecno Spark 50 5G,2,2,4
PH027,Redmi 15A 5G,31,2,33
PH028,Vivo Y11 5G,0,14,14
PH029,Vivo Y21 5G,2,6,8
PH030,Realme P4 Lite 5G,22,22,44
PH031,Oppo A6s 5G,0,89,89
PH032,Samsung Galaxy M17e 5G,16,109,125
PH033,Vivo T5x 5G,96,31,127
PH034,Oppo K14 5G,86,3,89
PH035,LAVA Bold 2 5G,0,119,119
PH036,iQOO Z11x 5G,40,100,140
PH037,Vivo Y51 Pro,5,9,14
PH038,Poco C85x 5G,103,15,118
PH039,Itel Zeno 100,0,0,0
PH040,Realme C83 5G,6,28,34
PH041,Motorola Edge 70 Fusion,62,38,100
PH042,Realme Narzo Power 5G,7,45,52
PH043,Ai+ Pulse 2,31,13,44
PH044,Infinix Note Edge 5G,25,0,25
PH045,Tecno Pova Curve 2,30,3,33
PH046,Lava Yuva Star 3,0,0,0
PH047,Oppo K14x 5G,103,28,131
PH048,Samsung Galaxy F70e 5G,150,22,172
PH049,Realme P4 Power,30,5,35
PH050,Redmi Note 15 Pro,7,99,106
PH051,Oppo A6 5G,4,6,10
PH052,Lava Blaze Duo 3 5G,0,13,13
PH053,Tecno Spark Go 3,5,66,71
PH054,Samsung Galaxy A07 5G,2,16,18
PH055,Poco M8,105,61,166
PH056,Redmi Note 15,22,97,119
PH057,Oppo A6 Pro 5G,7,24,31
