phone_id,phone_name,review_count,insight_confidence,executive_summary,top_strengths,top_pain_points,platform_insight,recommendation
PH002,Realme P4R 5G,29.0,Medium,"Customer feedback is mixed or balanced. Based on 29 reviews, positive sentiment is 62.1% and negative sentiment is 10.3%.","Display, Value for Money, Battery","Camera, Software, Performance",Flipkart shows stronger satisfaction than Amazon by about 64.3 percentage points.,Mixed consumer response.
PH003,Infinix SMART 20,3.0,Insufficient,"Only 3 reviews are available, so consumer insights should be treated as indicative rather than conclusive.",Insufficient aspect data,Insufficient aspect data,"Reviews are available only from Flipkart, so platform comparison is not possible.",Insufficient review volume for a reliable recommendation.
PH006,Oppo A6c,1.0,Insufficient,"Only 1 review are available, so consumer insights should be treated as indicative rather than conclusive.",Insufficient aspect data,Insufficient aspect data,"Reviews are available only from Flipkart, so platform comparison is not possible.",Insufficient review volume for a reliable recommendation.
PH007,Realme 16T 5G,55.0,High,"Customer response is generally positive. Based on 55 reviews, positive sentiment is 78.2% and negative sentiment is 20.0%.","Software, Camera, Connectivity","Performance, Display, Design",Amazon shows stronger satisfaction than Flipkart by about 34.4 percentage points.,Generally positive response with some trade-offs.
PH008,HMD Vibe 2 5G,106.0,High,"Customer response is generally positive. Based on 106 reviews, positive sentiment is 79.2% and negative sentiment is 15.1%.","Value for Money, Design, Battery","Connectivity, Build Quality, Camera","Reviews are available only from Flipkart, so platform comparison is not possible.",Generally positive response with some trade-offs.
PH009,Moto G37 Power,29.0,Medium,"Customer feedback shows noticeable concerns. Based on 29 reviews, positive sentiment is 55.2% and negative sentiment is 44.8%.","Value for Money, Build Quality, Camera","Connectivity, Camera, Performance",Flipkart shows stronger satisfaction than Amazon by about 57.1 percentage points.,Consumer concerns need attention before stronger recommendation.
PH010,Moto G37,38.0,Medium,"Customer feedback shows noticeable concerns. Based on 38 reviews, positive sentiment is 55.3% and negative sentiment is 34.2%.","Value for Money, Performance","Performance, Value for Money, Heating","Reviews are available only from Flipkart, so platform comparison is not possible.",Consumer concerns need attention before stronger recommendation.
PH012,Oneplus Nord CE 6 Lite,113.0,High,"Customers show a strong positive response to this smartphone. Based on 113 reviews, positive sentiment is 83.2% and negative sentiment is 9.7%.","Display, Gaming, Camera","Connectivity, Design, Battery",Amazon shows stronger satisfaction than Flipkart by about 13.4 percentage points.,Strong consumer response.
PH013,Poco C81,11.0,Low,"Customer feedback shows noticeable concerns. Based on 11 reviews, positive sentiment is 27.3% and negative sentiment is 45.5%.",Performance,Performance,"Reviews are available only from Flipkart, so platform comparison is not possible.",Consumer concerns need attention before stronger recommendation.
PH014,Poco C81x,11.0,Low,"Customer feedback shows noticeable concerns. Based on 11 reviews, positive sentiment is 36.4% and negative sentiment is 54.5%.",Charging,Charging,"Reviews are available only from Flipkart, so platform comparison is not possible.",Consumer concerns need attention before stronger recommendation.
PH015,Redmi A7,8.0,Insufficient,"Only 8 reviews are available, so consumer insights should be treated as indicative rather than conclusive.",Software,Software,Flipkart shows stronger satisfaction than Amazon by about 33.3 percentage points.,Insufficient review volume for a reliable recommendation.
PH016,Redmi A7 Pro,135.0,High,"Customer feedback shows noticeable concerns. Based on 135 reviews, positive sentiment is 43.0% and negative sentiment is 43.0%.","Gaming, Speaker & Audio, Camera","Display, Software, Connectivity",Amazon shows stronger satisfaction than Flipkart by about 24.3 percentage points.,Consumer concerns need attention before stronger recommendation.
PH017,Tecno Pop X 5G,7.0,Insufficient,"Only 7 reviews are available, so consumer insights should be treated as indicative rather than conclusive.",Insufficient aspect data,Insufficient aspect data,"Reviews are available only from Amazon, so platform comparison is not possible.",Insufficient review volume for a reliable recommendation.
PH018,Vivo Y05,10.0,Low,"Customer feedback shows noticeable concerns. Based on 10 reviews, positive sentiment is 30.0% and negative sentiment is 40.0%.","Connectivity, Performance","Connectivity, Performance","Reviews are available only from Amazon, so platform comparison is not possible.",Consumer concerns need attention before stronger recommendation.
PH019,Oppo F33 5G,14.0,Low,"Customer feedback is mixed or balanced. Based on 14 reviews, positive sentiment is 50.0% and negative sentiment is 21.4%.","Battery, Build Quality, Performance","Software, Build Quality, Camera",Customer sentiment is broadly consistent across Amazon and Flipkart.,Mixed consumer response.
PH020,Vivo T5 Pro 5G,115.0,High,"Customer response is generally positive. Based on 115 reviews, positive sentiment is 76.5% and negative sentiment is 14.8%.","Design, Battery, Camera","Connectivity, Heating, Build Quality",Amazon shows stronger satisfaction than Flipkart by about 14.8 percentage points.,Generally positive response with some trade-offs.
PH021,Realme Narzo 100 Lite 5G,66.0,High,"Customer feedback shows noticeable concerns. Based on 66 reviews, positive sentiment is 51.5% and negative sentiment is 31.8%.","Design, Battery, Build Quality","Charging, Camera, Display",Customer sentiment is broadly consistent across Amazon and Flipkart.,Consumer concerns need attention before stronger recommendation.
PH022,Ai+ Nova 2 Ultra 5G,86.0,High,"Customer feedback is mixed or balanced. Based on 86 reviews, positive sentiment is 54.6% and negative sentiment is 26.7%.","Build Quality, Camera, Value for Money","Display, Software, Heating","Reviews are available only from Flipkart, so platform comparison is not possible.",Mixed consumer response.
PH023,Ai+ Nova 2 5G,61.0,High,"Customer response is generally positive. Based on 61 reviews, positive sentiment is 68.8% and negative sentiment is 18.0%.","Camera, Software, Display","Performance, Connectivity, Battery",Flipkart shows stronger satisfaction than Amazon by about 70.0 percentage points.,Generally positive response with some trade-offs.
PH024,Redmi Note 15 SE 5G,45.0,Medium,"Customer response is generally positive. Based on 45 reviews, positive sentiment is 73.3% and negative sentiment is 15.6%.","Design, Display, Value for Money","Battery, Software, Performance",Flipkart shows stronger satisfaction than Amazon by about 60.0 percentage points.,Generally positive response with some trade-offs.
PH025,Lava Bold N2 Lite,4.0,Insufficient,"Only 4 reviews are available, so consumer insights should be treated as indicative rather than conclusive.",Insufficient aspect data,Insufficient aspect data,Amazon shows stronger satisfaction than Flipkart by about 33.3 percentage points.,Insufficient review volume for a reliable recommendation.
PH026,Tecno Spark 50 5G,4.0,Insufficient,"Only 4 reviews are available, so consumer insights should be treated as indicative rather than conclusive.",Value for Money,Value for Money,Flipkart shows stronger satisfaction than Amazon by about 50.0 percentage points.,Insufficient review volume for a reliable recommendation.
PH027,Redmi 15A 5G,33.0,Medium,"Customer feedback shows noticeable concerns. Based on 33 reviews, positive sentiment is 54.5% and negative sentiment is 30.3%.","Display, Value for Money, Connectivity","Build Quality, Performance, Camera",Flipkart shows stronger satisfaction than Amazon by about 58.1 percentage points.,Consumer concerns need attention before stronger recommendation.
PH028,Vivo Y11 5G,14.0,Low,"Customer feedback shows noticeable concerns. Based on 14 reviews, positive sentiment is 42.9% and negative sentiment is 50.0%.",Performance,Performance,"Reviews are available only from Amazon, so platform comparison is not possible.",Consumer concerns need attention before stronger recommendation.
PH029,Vivo Y21 5G,8.0,Insufficient,"Only 8 reviews are available, so consumer insights should be treated as indicative rather than conclusive.","Speaker & Audio, Value for Money","Speaker & Audio, Value for Money",Flipkart shows stronger satisfaction than Amazon by about 16.7 percentage points.,Insufficient review volume for a reliable recommendation.
PH030,Realme P4 Lite 5G,44.0,Medium,"Customer feedback is mixed or balanced. Based on 44 reviews, positive sentiment is 63.6% and negative sentiment is 13.6%.","Battery, Design, Display","Connectivity, Software, Speaker & Audio",Customer sentiment is broadly consistent across Amazon and Flipkart.,Mixed consumer response.
PH031,Oppo A6s 5G,89.0,High,"Customer response is generally positive. Based on 89 reviews, positive sentiment is 77.5% and negative sentiment is 11.2%.","Camera, Design, Value for Money","Display, Software, Build Quality","Reviews are available only from Amazon, so platform comparison is not possible.",Generally positive response with some trade-offs.
PH032,Samsung Galaxy M17e 5G,125.0,High,"Customer feedback shows noticeable concerns. Based on 125 reviews, positive sentiment is 50.4% and negative sentiment is 32.8%.","Design, Display, Connectivity","Charging, Software, Value for Money",Amazon shows stronger satisfaction than Flipkart by about 7.6 percentage points.,Consumer concerns need attention before stronger recommendation.
PH033,Vivo T5x 5G,127.0,High,"Customer feedback is mixed or balanced. Based on 127 reviews, positive sentiment is 64.6% and negative sentiment is 17.3%.","Connectivity, Design, Value for Money","Heating, Charging, Software",Flipkart shows stronger satisfaction than Amazon by about 12.9 percentage points.,Mixed consumer response.
PH034,Oppo K14 5G,89.0,High,"Customer feedback is mixed or balanced. Based on 89 reviews, positive sentiment is 52.8% and negative sentiment is 29.2%.","Battery, Performance, Value for Money","Build Quality, Camera, Display",Flipkart shows stronger satisfaction than Amazon by about 20.2 percentage points.,Mixed consumer response.
PH035,LAVA Bold 2 5G,119.0,High,"Customer response is generally positive. Based on 119 reviews, positive sentiment is 78.2% and negative sentiment is 10.9%.","Performance, Build Quality, Design","Heating, Battery, Display","Reviews are available only from Amazon, so platform comparison is not possible.",Generally positive response with some trade-offs.
PH036,iQOO Z11x 5G,140.0,High,"Customer response is generally positive. Based on 140 reviews, positive sentiment is 78.6% and negative sentiment is 11.4%.","Gaming, Build Quality, Software","Connectivity, Heating, Camera",Flipkart shows stronger satisfaction than Amazon by about 26.5 percentage points.,Generally positive response with some trade-offs.
PH037,Vivo Y51 Pro,14.0,Low,"Customer feedback shows noticeable concerns. Based on 14 reviews, positive sentiment is 57.1% and negative sentiment is 35.7%.","Design, Build Quality, Performance","Camera, Build Quality, Performance",Flipkart shows stronger satisfaction than Amazon by about 35.6 percentage points.,Consumer concerns need attention before stronger recommendation.
PH038,Poco C85x 5G,118.0,High,"Customer response is generally positive. Based on 118 reviews, positive sentiment is 74.6% and negative sentiment is 11.9%.","Battery, Build Quality, Value for Money","Charging, Display, Performance",Flipkart shows stronger satisfaction than Amazon by about 62.5 percentage points.,Generally positive response with some trade-offs.
PH040,Realme C83 5G,34.0,Medium,"Customer feedback is mixed or balanced. Based on 34 reviews, positive sentiment is 58.8% and negative sentiment is 26.5%.","Value for Money, Camera, Performance","Build Quality, Camera, Software",Amazon shows stronger satisfaction than Flipkart by about 31.0 percentage points.,Mixed consumer response.
PH041,Motorola Edge 70 Fusion,100.0,High,"Customers show a strong positive response to this smartphone. Based on 100 reviews, positive sentiment is 82.0% and negative sentiment is 13.0%.","Performance, Gaming, Value for Money","Heating, Connectivity, Build Quality",Flipkart shows stronger satisfaction than Amazon by about 30.4 percentage points.,Strong consumer response.
PH042,Realme Narzo Power 5G,52.0,High,"Customer feedback shows noticeable concerns. Based on 52 reviews, positive sentiment is 46.1% and negative sentiment is 38.5%.","Design, Display, Connectivity","Build Quality, Performance, Value for Money",Amazon shows stronger satisfaction than Flipkart by about 20.3 percentage points.,Consumer concerns need attention before stronger recommendation.
PH043,Ai+ Pulse 2,44.0,Medium,"Customer feedback is mixed or balanced. Based on 44 reviews, positive sentiment is 59.1% and negative sentiment is 29.6%.","Design, Charging, Performance","Software, Build Quality, Camera",Flipkart shows stronger satisfaction than Amazon by about 73.0 percentage points.,Mixed consumer response.
PH044,Infinix Note Edge 5G,25.0,Medium,"Customer response is generally positive. Based on 25 reviews, positive sentiment is 80.0% and negative sentiment is 16.0%.","Build Quality, Camera, Design","Battery, Camera, Design","Reviews are available only from Flipkart, so platform comparison is not possible.",Generally positive response with some trade-offs.
PH045,Tecno Pova Curve 2,33.0,Medium,"Customer feedback shows noticeable concerns. Based on 33 reviews, positive sentiment is 48.5% and negative sentiment is 39.4%.","Display, Performance, Battery","Heating, Connectivity, Value for Money",Flipkart shows stronger satisfaction than Amazon by about 53.3 percentage points.,Consumer concerns need attention before stronger recommendation.
PH047,Oppo K14x 5G,131.0,High,"Customer response is generally positive. Based on 131 reviews, positive sentiment is 71.0% and negative sentiment is 25.2%.","Design, Charging, Battery","Heating, Camera, Build Quality",Flipkart shows stronger satisfaction than Amazon by about 22.2 percentage points.,Mixed consumer response.
PH048,Samsung Galaxy F70e 5G,172.0,High,"Customer feedback is mixed or balanced. Based on 172 reviews, positive sentiment is 60.5% and negative sentiment is 29.1%.","Design, Software, Value for Money","Heating, Performance, Connectivity",Flipkart shows stronger satisfaction than Amazon by about 17.2 percentage points.,Mixed consumer response.
PH049,Realme P4 Power,35.0,Medium,"Customers show a strong positive response to this smartphone. Based on 35 reviews, positive sentiment is 80.0% and negative sentiment is 14.3%.","Display, Software, Performance","Build Quality, Charging, Heating",Flipkart shows stronger satisfaction than Amazon by about 23.3 percentage points.,Strong consumer response.
PH050,Redmi Note 15 Pro,106.0,High,"Customer feedback shows noticeable concerns. Based on 106 reviews, positive sentiment is 60.4% and negative sentiment is 30.2%.","Design, Build Quality, Camera","Value for Money, Software, Charging",Flipkart shows stronger satisfaction than Amazon by about 11.8 percentage points.,Consumer concerns need attention before stronger recommendation.
PH051,Oppo A6 5G,10.0,Low,"Customer feedback shows noticeable concerns. Based on 10 reviews, positive sentiment is 50.0% and negative sentiment is 50.0%.","Camera, Build Quality","Build Quality, Camera",Customer sentiment is broadly consistent across Amazon and Flipkart.,Consumer concerns need attention before stronger recommendation.
PH052,Lava Blaze Duo 3 5G,13.0,Low,"Customer response is generally positive. Based on 13 reviews, positive sentiment is 76.9% and negative sentiment is 15.4%.","Battery, Camera, Display","Performance, Build Quality, Value for Money","Reviews are available only from Amazon, so platform comparison is not possible.",Generally positive response with some trade-offs.
PH053,Tecno Spark Go 3,71.0,High,"Customers show a strong positive response to this smartphone. Based on 71 reviews, positive sentiment is 80.3% and negative sentiment is 11.3%.","Battery, Build Quality, Display","Value for Money, Software, Connectivity",Amazon shows stronger satisfaction than Flipkart by about 64.8 percentage points.,Strong consumer response.
PH054,Samsung Galaxy A07 5G,18.0,Low,"Customer feedback is mixed or balanced. Based on 18 reviews, positive sentiment is 61.1% and negative sentiment is 27.8%.","Camera, Performance, Value for Money","Camera, Performance, Connectivity",Amazon shows stronger satisfaction than Flipkart by about 12.5 percentage points.,Mixed consumer response.
PH055,Poco M8,166.0,High,"Customer response is generally positive. Based on 166 reviews, positive sentiment is 78.3% and negative sentiment is 15.1%.","Design, Value for Money, Camera","Connectivity, Software, Charging",Flipkart shows stronger satisfaction than Amazon by about 25.3 percentage points.,Generally positive response with some trade-offs.
PH056,Redmi Note 15,119.0,High,"Customer response is generally positive. Based on 119 reviews, positive sentiment is 77.3% and negative sentiment is 15.1%.","Design, Build Quality, Camera","Heating, Speaker & Audio, Connectivity",Flipkart shows stronger satisfaction than Amazon by about 22.2 percentage points.,Generally positive response with some trade-offs.
PH057,Oppo A6 Pro 5G,31.0,Medium,"Customer response is generally positive. Based on 31 reviews, positive sentiment is 80.7% and negative sentiment is 19.4%.","Battery, Performance, Software","Heating, Camera, Value for Money",Flipkart shows stronger satisfaction than Amazon by about 25.0 percentage points.,Generally positive response with some trade-offs.
