phone_id,phone_name,review_count,positive_count,neutral_count,negative_count,positive_percent,neutral_percent,negative_percent,avg_confidence
PH002,Realme P4R 5G,29.0,18.0,8.0,3.0,62.07,27.59,10.34,0.8356
PH003,Infinix SMART 20,3.0,0.0,2.0,1.0,0.0,66.67,33.33,0.6823
PH006,Oppo A6c,1.0,0.0,0.0,1.0,0.0,0.0,100.0,0.9358
PH007,Realme 16T 5G,55.0,43.0,1.0,11.0,78.18,1.82,20.0,0.8935
PH008,HMD Vibe 2 5G,106.0,84.0,6.0,16.0,79.25,5.66,15.09,0.8855
PH009,Moto G37 Power,29.0,16.0,0.0,13.0,55.17,0.0,44.83,0.902
PH010,Moto G37,38.0,21.0,4.0,13.0,55.26,10.53,34.21,0.8375
PH012,Oneplus Nord CE 6 Lite,113.0,94.0,8.0,11.0,83.19,7.08,9.73,0.891
PH013,Poco C81,11.0,3.0,3.0,5.0,27.27,27.27,45.45,0.7688
PH014,Poco C81x,11.0,4.0,1.0,6.0,36.36,9.09,54.55,0.7773
PH015,Redmi A7,8.0,2.0,1.0,5.0,25.0,12.5,62.5,0.8248
PH016,Redmi A7 Pro,135.0,58.0,19.0,58.0,42.96,14.07,42.96,0.8401
PH017,Tecno Pop X 5G,7.0,4.0,0.0,3.0,57.14,0.0,42.86,0.9445
PH018,Vivo Y05,10.0,3.0,3.0,4.0,30.0,30.0,40.0,0.8351
PH019,Oppo F33 5G,14.0,7.0,4.0,3.0,50.0,28.57,21.43,0.7941
PH020,Vivo T5 Pro 5G,115.0,88.0,10.0,17.0,76.52,8.7,14.78,0.8778
PH021,Realme Narzo 100 Lite 5G,66.0,34.0,11.0,21.0,51.52,16.67,31.82,0.8343
PH022,Ai+ Nova 2 Ultra 5G,86.0,47.0,16.0,23.0,54.65,18.6,26.74,0.8215
PH023,Ai+ Nova 2 5G,61.0,42.0,8.0,11.0,68.85,13.11,18.03,0.8365
PH024,Redmi Note 15 SE 5G,45.0,33.0,5.0,7.0,73.33,11.11,15.56,0.8796
PH025,Lava Bold N2 Lite,4.0,1.0,0.0,3.0,25.0,0.0,75.0,0.8257
PH026,Tecno Spark 50 5G,4.0,1.0,1.0,2.0,25.0,25.0,50.0,0.8696
PH027,Redmi 15A 5G,33.0,18.0,5.0,10.0,54.55,15.15,30.3,0.8625
PH028,Vivo Y11 5G,14.0,6.0,1.0,7.0,42.86,7.14,50.0,0.8997
PH029,Vivo Y21 5G,8.0,3.0,2.0,3.0,37.5,25.0,37.5,0.7978
PH030,Realme P4 Lite 5G,44.0,28.0,10.0,6.0,63.64,22.73,13.64,0.8491
PH031,Oppo A6s 5G,89.0,69.0,10.0,10.0,77.53,11.24,11.24,0.8839
PH032,Samsung Galaxy M17e 5G,125.0,63.0,21.0,41.0,50.4,16.8,32.8,0.8131
PH033,Vivo T5x 5G,127.0,82.0,23.0,22.0,64.57,18.11,17.32,0.8669
PH034,Oppo K14 5G,89.0,47.0,16.0,26.0,52.81,17.98,29.21,0.8557
PH035,LAVA Bold 2 5G,119.0,93.0,13.0,13.0,78.15,10.92,10.92,0.858
PH036,iQOO Z11x 5G,140.0,110.0,14.0,16.0,78.57,10.0,11.43,0.8491
PH037,Vivo Y51 Pro,14.0,8.0,1.0,5.0,57.14,7.14,35.71,0.8411
PH038,Poco C85x 5G,118.0,88.0,16.0,14.0,74.58,13.56,11.86,0.8395
PH040,Realme C83 5G,34.0,20.0,5.0,9.0,58.82,14.71,26.47,0.8174
PH041,Motorola Edge 70 Fusion,100.0,82.0,5.0,13.0,82.0,5.0,13.0,0.9092
PH042,Realme Narzo Power 5G,52.0,24.0,8.0,20.0,46.15,15.38,38.46,0.8403
PH043,Ai+ Pulse 2,44.0,26.0,5.0,13.0,59.09,11.36,29.55,0.8733
PH044,Infinix Note Edge 5G,25.0,20.0,1.0,4.0,80.0,4.0,16.0,0.9171
PH045,Tecno Pova Curve 2,33.0,16.0,4.0,13.0,48.48,12.12,39.39,0.874
PH047,Oppo K14x 5G,131.0,93.0,5.0,33.0,70.99,3.82,25.19,0.9084
PH048,Samsung Galaxy F70e 5G,172.0,104.0,18.0,50.0,60.47,10.47,29.07,0.8662
PH049,Realme P4 Power,35.0,28.0,2.0,5.0,80.0,5.71,14.29,0.8846
PH050,Redmi Note 15 Pro,106.0,64.0,10.0,32.0,60.38,9.43,30.19,0.8668
PH051,Oppo A6 5G,10.0,5.0,0.0,5.0,50.0,0.0,50.0,0.9291
PH052,Lava Blaze Duo 3 5G,13.0,10.0,1.0,2.0,76.92,7.69,15.38,0.8824
PH053,Tecno Spark Go 3,71.0,57.0,6.0,8.0,80.28,8.45,11.27,0.8726
PH054,Samsung Galaxy A07 5G,18.0,11.0,2.0,5.0,61.11,11.11,27.78,0.8415
PH055,Poco M8,166.0,130.0,11.0,25.0,78.31,6.63,15.06,0.8922
PH056,Redmi Note 15,119.0,92.0,9.0,18.0,77.31,7.56,15.13,0.87
PH057,Oppo A6 Pro 5G,31.0,25.0,0.0,6.0,80.65,0.0,19.35,0.9081
