phone_id,phone_name,brand,smartprix_link,image_filename,image_local_path,launch_date,display,display_type,refresh_rate,resolution,processor,ram,storage,battery,charging,rear_camera,front_camera,android_version,supports_5g,nfc,bluetooth,wifi,weight,spec_status
PH001,Tecno Pova 8 5G,Tecno,https://www.smartprix.com/mobiles/tecno-pova-8-5g-ppd1pk7ncy4d,tecno-pova-8-5g.jpg,assets/phone_images/tecno-pova-8-5g.jpg,,"6.76 inch, IPS LCD Screen",IPS LCD,144,1080 x 2344 pixels,Mediatek Dimensity 7100,6 GB,128 GB,8000 mAh Battery,Fast Charging; 10W Reverse Charging,50 MP Dual Rear Camera,13 MP Front Camera,Android v16,Yes,Yes,"Bluetooth v5.4, WiFi, NFC",Yes,225 g,Extracted
PH002,Realme P4R 5G,Realme,https://www.smartprix.com/mobiles/realme-p4r-5g-ppd11xf05zc2,realme-p4r-5g.jpg,assets/phone_images/realme-p4r-5g.jpg,,"6.81 inch, LCD Screen",LCD,144,720 x 1570 pixels,Mediatek Dimensity 6300,4 GB,128 GB,8000 mAh Battery,45W Fast Charging; 27W Reverse Charging,50 MP Rear Camera,8 MP Front Camera,Android v16,Yes,No,"Bluetooth v5.3, WiFi",Yes,224 g,Extracted
PH003,Infinix SMART 20,Infinix,https://www.smartprix.com/mobiles/infinix-smart-20-ppd1hr2rwk9y,infinix-smart-20.jpg,assets/phone_images/infinix-smart-20.jpg,,"6.78 inch, IPS LCD Screen",IPS LCD,120,720 x 1576 pixels,Mediatek Helio G81 Ultimate,4 GB,64 GB,5200 mAh Battery,15W Fast Charging; 5W Reverse Charging,8 MP Rear Camera,8 MP Front Camera,Android v16,No,No,"Bluetooth, WiFi",Yes,189 g,Extracted
PH004,LAVA Bold N2,LAVA,https://www.smartprix.com/mobiles/lava-bold-n2-ppd102mposnx,lava-bold-n2-5g.jpg,assets/phone_images/lava-bold-n2-5g.jpg,,"6.75 inch, IPS Screen",IPS LCD,120,720 x 1600 pixels,Unisoc T8200,4 GB,64 GB,6000 mAh Battery,18W Fast Charging,13 MP Dual Rear Camera,5 MP Front Camera,Android v16,Yes,No,"Bluetooth v5.0, WiFi",Yes,210 g,Extracted
PH005,LAVA Shark 2 5G,LAVA,https://www.smartprix.com/mobiles/lava-shark-2-5g-ppd1xdydzt44,lava-shark-2-5g.jpg,assets/phone_images/lava-shark-2-5g.jpg,,"6.75 inch, IPS Screen",IPS LCD,120,720 x 1600 pixels,Unisoc T8200,4 GB,64 GB,6000 mAh Battery,,13 MP Dual Rear Camera,5 MP Front Camera,Android v16,Yes,No,"Bluetooth v5.0, WiFi",Yes,210 g,Extracted
PH006,Oppo A6c,Oppo,https://www.smartprix.com/mobiles/oppo-a6c-ppd1b2vvn41l,oppo-a6c-4g.jpg,assets/phone_images/oppo-a6c-4g.jpg,,"6.75 inch, LCD Screen",LCD,120,720 x 1570 pixels,Unisoc T7250,4 GB,64 GB,7000 mAh Battery,15W Fast Charging,13 MP Rear Camera,5 MP Front Camera,Android v15,No,No,"Bluetooth v5.2, WiFi",Yes,215 g,Extracted
PH007,Realme 16T 5G,Realme,https://www.smartprix.com/mobiles/realme-16t-5g-ppd18kz6oazl,realme-16t-5g.jpg,assets/phone_images/realme-16t-5g.jpg,,"6.8 inch, LCD Screen",LCD,180,720 x 1570 pixels,Mediatek Dimensity 6300,6 GB,128 GB,8000 mAh Battery,45W Fast Charging; 10W Reverse Charging,50 MP + 2 MP Dual Rear Camera,16 MP Front Camera,Android v16,Yes,No,"Bluetooth v5.3, WiFi",Yes,224 g,Extracted
PH008,HMD Vibe 2 5G,HMD,https://www.smartprix.com/mobiles/hmd-vibe-2-5g-ppd1vmboj6a8,hmd-vibe-2-5g.jpg,assets/phone_images/hmd-vibe-2-5g.jpg,,"6.75 inch, IPS Screen",IPS LCD,120,720 x 1600 pixels,Unisoc T8200,4 GB,64 GB,6000 mAh Battery,18W Fast Charging,50 MP Dual Rear Camera,8 MP Front Camera,Android v16,Yes,No,"Bluetooth v5.0, WiFi",Yes,210 g,Extracted
PH009,Moto G37 Power,Moto,https://www.smartprix.com/mobiles/motorola-moto-g37-power-ppd1w91daysx,motorola-moto-g37-power.jpg,assets/phone_images/motorola-moto-g37-power.jpg,,"6.67 inch, LCD Screen",LCD,120,1604 x 720 pixels,Mediatek Dimensity 6400,4 GB,128 GB,7000 mAh Battery,30W TurboPower Fast Charging; 6W Reverse Charging,50 MP Rear Camera,8 MP Front Camera,Android v16,Yes,No,"Bluetooth v5.4, WiFi",Yes,215 g,Extracted
PH010,Moto G37,Moto,https://www.smartprix.com/mobiles/motorola-moto-g37-ppd1va77lc8s,motorola-moto-g37-power.jpg,assets/phone_images/motorola-moto-g37-power.jpg,,"6.67 inch, LCD Screen",LCD,120,1604 x 720 pixels,Mediatek Dimensity 6400,4 GB,64 GB,5200 mAh Battery,20W TurboPower (in-box 10W) Fast Charging; 6W Reverse Charging,50 MP Rear Camera,8 MP Front Camera,Android v16,Yes,No,"Bluetooth v5.4, WiFi",Yes,191 g,Extracted
PH011,Itel Zeno 200,Itel,https://www.smartprix.com/mobiles/itel-zeno-200-ppd1mnsjgm39,itel-zeno-200.jpg,assets/phone_images/itel-zeno-200.jpg,,"6.75 inch, IPS Screen",IPS LCD,120,720 x 1600 pixels,Unisoc T7100,4 GB,128 GB,5000 mAh Battery,Fast Charging,13 MP Rear Camera,Main Front Camera,Android v15,No,No,"Bluetooth v5.0, WiFi",Yes,185 g,Extracted
PH012,Oneplus Nord CE 6 Lite,Oneplus,https://www.smartprix.com/mobiles/oneplus-nord-ce-6-lite-ppd1g3giwwva,oneplus-nord-ce-6-lite.jpg,assets/phone_images/oneplus-nord-ce-6-lite.jpg,,"6.72 inch, LCD Screen",LCD,144,1080 x 2400 pixels,Mediatek Dimensity 7400 Apex,6 GB,128 GB,7000 mAh Battery,45W SUPERVOOC Charging; 10W Reverse Charging,50 MP + 2 MP Dual Rear Camera,8 MP Front Camera,Android v16,Yes,No,"Bluetooth v5.4, WiFi",Yes,208 g,Extracted
PH013,Poco C81,Poco,https://www.smartprix.com/mobiles/poco-c81-ppd16td5skp4,poco-c81.jpg,assets/phone_images/poco-c81.jpg,,"6.9 inch, IPS Screen",IPS LCD,240,720 x 1600 pixels,Unisoc T7250,4 GB,64 GB,6300 mAh Battery,15W Fast Charging; 7.5W Reverse Charging,13 MP Rear Camera,8 MP Front Camera,Android v16,No,No,"Bluetooth v5.2, WiFi",Yes,208 g,Extracted
PH014,Poco C81x,Poco,https://www.smartprix.com/mobiles/poco-c81x-ppd1lq32d6ze,poco-c81x.jpg,assets/phone_images/poco-c81x.jpg,,"6.88 inch, LCD Screen",LCD,120,720 x 1640 pixels,Unisoc T7250,3 GB,64 GB,5200 mAh Battery,15W Fast Charging; 7.5W Reverse Charging,13 MP Rear Camera,8 MP Front Camera,Android v15,No,No,"Bluetooth v5.2, WiFi",Yes,193 g,Extracted
PH015,Redmi A7,Redmi,https://www.smartprix.com/mobiles/xiaomi-redmi-a7-4g-ppd1hkpvjsoe,xiaomi-redmi-a7-4g.jpg,assets/phone_images/xiaomi-redmi-a7-4g.jpg,,"6.88 inch, LCD Screen",LCD,120,1640 x 720 pixels,Unisoc T7250,3 GB,64 GB,5200 mAh Battery,15W Fast Charging,13 MP Rear Camera,8 MP Front Camera,Android v15,No,No,"Bluetooth v5.2, WiFi",Yes,193 g,Extracted
PH016,Redmi A7 Pro,Redmi,https://www.smartprix.com/mobiles/xiaomi-redmi-a7-pro-5g-ppd1cnmjcowe,xiaomi-redmi-a7-pro.jpg,assets/phone_images/xiaomi-redmi-a7-pro.jpg,,"6.9 inch, IPS Screen",IPS LCD,120,720 x 1600 pixels,Unisoc T8300,4 GB,64 GB,6300 mAh Battery,15W Fast Charging; 7.5W Reverse Charging,32 MP Dual Rear Camera,8 MP Front Camera,Android v16,Yes,No,"Bluetooth v5.4, WiFi",Yes,210 g,Extracted
PH017,Tecno Pop X 5G,Tecno,https://www.smartprix.com/mobiles/tecno-pop-x-5g-ppd1gj0661me,tecno-pop-x-5g.jpg,assets/phone_images/tecno-pop-x-5g.jpg,,"6.78 inch, IPS Screen",IPS LCD,120,720 x 1576 pixels,Mediatek Dimensity 6400,4 GB,128 GB,6500 mAh Battery,,13 MP Rear Camera,8 MP Front Camera,Android v16,Yes,No,"Bluetooth v5.3, WiFi",Yes,210 g,Extracted
PH018,Vivo Y05,Vivo,https://www.smartprix.com/mobiles/vivo-y05-ppd12gn69s3c,vivo-y05.jpg,assets/phone_images/vivo-y05.jpg,,"6.74 inch, IPS Screen",IPS LCD,120,720 x 1600 pixels,Unisoc T7225,4 GB,64 GB,6500 mAh Battery,15W Fast Charging; Reverse Charging,8 MP Rear Camera,5 MP Front Camera,Android v16,No,No,"Bluetooth v5.2, WiFi",Yes,209 g,Extracted
PH019,Oppo F33 5G,Oppo,https://www.smartprix.com/mobiles/oppo-f33-ppd18kxqpob7,oppo-f33.jpg,assets/phone_images/oppo-f33.jpg,,"6.57 inch, AMOLED Screen",AMOLED,120,1080 x 2372 pixels,MediaTek Dimensity 6360 MAX,6 GB,128 GB,7000 mAh Battery,80 W SUPERVOOC Fast Charging; Reverse Charging,50 MP + 2 MP Dual Rear Camera,16 MP Front Camera,Android v16,Yes,No,"Bluetooth v5.4, WiFi",Yes,189 g,Extracted
PH020,Vivo T5 Pro 5G,Vivo,https://www.smartprix.com/mobiles/vivo-t5-pro-ppd1jr3xj863,vivo-t5-pro.jpg,assets/phone_images/vivo-t5-pro.jpg,,"6.83 inch, AMOLED Screen",AMOLED,144,1260 x 2800 pixels,Qualcomm Snapdragon 7s Gen4,8 GB,128 GB,9020 mAh Battery,90W Fast Charging; Reverse Charging,50 MP + 2 MP Dual Rear Camera with OIS,32 MP Front Camera,Android v16,Yes,No,"Bluetooth v5.2, WiFi",Yes,213 g,Extracted
PH021,Realme Narzo 100 Lite 5G,Realme,https://www.smartprix.com/mobiles/realme-narzo-100-lite-ppd1pmwn763b,realme-narzo-100-lite.jpg,assets/phone_images/realme-narzo-100-lite.jpg,,"6.8 inch, LCD Screen",LCD,144,720 x 1570 pixels,Mediatek Dimensity 6300,4 GB,64 GB,7000 mAh Battery,5W Reverse Charging,13 MP Dual Rear Camera,5 MP Front Camera,Android v16,Yes,No,"Bluetooth v5.3, WiFi",Yes,212 g,Extracted
PH022,Ai+ Nova 2 Ultra 5G,Ai+,https://www.smartprix.com/mobiles/ai-nova-2-ultra-ppd1hlvx6m0g,ai-nova-2-ultra.jpg,assets/phone_images/ai-nova-2-ultra.jpg,,"6.78 inch, AMOLED Screen",AMOLED,120,2772 x 1272 pixels,Mediatek Dimensity 7400,6 GB,128 GB,6000 mAh Battery,Fast Charging; Fast Charging Yes; Fast Charging Yes,50 MP + 8 MP Dual Rear Camera,13 MP Front Camera,Android v16,Yes,No,"Bluetooth v5.4, WiFi",Yes,200 g,Extracted
PH023,Ai+ Nova 2 5G,Ai+,https://www.smartprix.com/mobiles/ai-nova-2-ppd1i8rdcplq,ai-nova-2.jpg,assets/phone_images/ai-nova-2.jpg,,"6.74 inch, IPS Screen",IPS LCD,120,720 x 1600 pixels,Unisoc T8200,4 GB,64 GB,6000 mAh Battery,18W Fast Charging,50 MP Rear Camera,8 MP Front Camera,Android v16,Yes,No,"Bluetooth v5.0, WiFi",Yes,,Extracted
PH024,Redmi Note 15 SE 5G,Redmi,https://www.smartprix.com/mobiles/xiaomi-redmi-note-15-5g-special-edition-ppd103v7vlm2,xiaomi-redmi-note-15-se-5g.jpg,assets/phone_images/xiaomi-redmi-note-15-se-5g.jpg,,"6.77 inch, AMOLED Screen",AMOLED,840,2392 x 1080 pixels,Snapdragon 6 Gen3,6 GB,128 GB,5800 mAh Battery,45W Turbo Charging; 18W Reverse Charging,50 MP + 2 MP Dual Rear Camera,20 MP Front Camera,Android v15,Yes,No,"Bluetooth v5.1, WiFi",Yes,182 g,Extracted
PH025,Lava Bold N2 Lite,Lava,https://www.smartprix.com/mobiles/lava-bold-n2-lite-ppd1ewkb36sc,lava-bold-n2-lite.jpg,assets/phone_images/lava-bold-n2-lite.jpg,,"6.75 inch, IPS Screen",IPS LCD,90,720 x 1600 pixels,Unisoc SC9863A,3 GB,64 GB,5000 mAh Battery,"10W Fast Charging; USB Features USB Tethering, USB on-the-go, USB Charging, USB Storage; Fast Charging Yes, 10W Fast Charging; USB Features USB Tethering, USB on-the-go, USB Charging, USB Storage; Fast Charging Yes, 10W Fast Charging",13 MP Dual Rear Camera,5 MP Front Camera,Android 15 Go Edition,No,No,"Bluetooth v4.2, WiFi",Yes,15 G,Extracted
PH026,Tecno Spark 50 5G,Tecno,https://www.smartprix.com/mobiles/tecno-spark-50-ppd1v1623nbx,tecno-spark-50-5g.jpg,assets/phone_images/tecno-spark-50-5g.jpg,,"6.78 inch, IPS Screen",IPS LCD,120,720 x 1576 pixels,Mediatek Dimensity 6400,4 GB,128 GB,6500 mAh Battery,45W Fast Charging,50 MP Rear Camera,8 MP Front Camera,Android v16,Yes,No,"Bluetooth v5.3, WiFi",Yes,210 g,Extracted
PH027,Redmi 15A 5G,Redmi,https://www.smartprix.com/mobiles/xiaomi-redmi-15a-5g-ppd16k3r1eha,xiaomi-redmi-15a-5g.jpg,assets/phone_images/xiaomi-redmi-15a-5g.jpg,,"6.9 inch, IPS Screen",IPS LCD,120,720 x 1600 pixels,Unisoc T8300,4 GB,64 GB,6300 mAh Battery,33W Fast Charging; 15W Reverse Charging • 7.5 Reverse Wireless Charging,32 MP Rear Camera,8 MP Front Camera,Android v16,Yes,No,"Bluetooth v5.4, WiFi",Yes,210 g,Extracted
PH028,Vivo Y11 5G,Vivo,https://www.smartprix.com/mobiles/vivo-y11-5g-ppd1r02w1sdu,vivo-y11-5g.jpg,assets/phone_images/vivo-y11-5g.jpg,,"6.74 inch, IPS Screen",IPS LCD,120,720 x 1600 pixels,Mediatek Dimensity 6300,4 GB,64 GB,6500 mAh Battery,15W Fast Charging; Reverse Charging,13 MP + 0.08 MP Dual Rear Camera,5 MP Front Camera,Android v16,Yes,No,"Bluetooth, WiFi",Yes,209 g,Extracted
PH029,Vivo Y21 5G,Vivo,https://www.smartprix.com/mobiles/vivo-y21-5g-ppd1o8utwqt9,vivo-y21-5g.jpg,assets/phone_images/vivo-y21-5g.jpg,,"6.74 inch, IPS Screen",IPS LCD,120,720 x 1600 pixels,Mediatek Dimensity 6300,4 GB,128 GB,6500 mAh Battery,44W Fast Charging; Reverse Charging,50 MP + 0.08 MP Dual Rear Camera,5 MP Front Camera,Android v16,Yes,Yes,"Bluetooth, WiFi, NFC",Yes,209 g,Extracted
PH030,Realme P4 Lite 5G,Realme,https://www.smartprix.com/mobiles/realme-p4-lite-5g-ppd1u3wmqsvk,realme-p4-lite-5g.jpg,assets/phone_images/realme-p4-lite-5g.jpg,,"6.81 inch, Corning+LCD display Screen",LCD,144,720 x 1570 pixels,Mediatek Dimensity 6300,4 GB,64 GB,7000 mAh Battery,15W Fast Charging; Reverse Charging,13 MP Rear Camera,5 MP Front Camera,Android v16,Yes,No,"Bluetooth v5.3, WiFi",Yes,212 g,Extracted
PH031,Oppo A6s 5G,Oppo,https://www.smartprix.com/mobiles/oppo-a6s-5g-ppd19g7fx6k4,oppo-a6s-5g.jpg,assets/phone_images/oppo-a6s-5g.jpg,,"6.75 inch, LCD Screen",LCD,120,720 x 1570 pixels,Mediatek Dimensity 6300,4 GB,128 GB,6500 mAh Battery,Reverse Charging,50 MP Dual Rear Camera,5 MP Front Camera,Android v15,Yes,No,"Bluetooth v5.4, WiFi",Yes,212 g,Extracted
PH032,Samsung Galaxy M17e 5G,Samsung,https://www.smartprix.com/mobiles/samsung-galaxy-m17e-ppd159q5wrb0,samsung-galaxy-m17e.jpg,assets/phone_images/samsung-galaxy-m17e.jpg,,"6.7 inch, PLS LCD Screen",LCD,120,720 x 1600 pixels,Mediatek Dimensity 6300,4 GB,128 GB,6000 mAh Battery,25W Fast Charging,50 MP + 2 MP Dual Rear Camera,8 MP Front Camera,Android v16,Yes,No,"Bluetooth v5.3, WiFi",Yes,199 g,Extracted
PH033,Vivo T5x 5G,Vivo,https://www.smartprix.com/mobiles/vivo-t5x-5g-ppd1rtf1u89r,vivo-t5x-5g.jpg,assets/phone_images/vivo-t5x-5g.jpg,,"6.76 inch, LCD Screen",LCD,120,1080 x 2344 pixels,Mediatek Dimensity 7400 Turbo,6 GB,128 GB,7200 mAh Battery,Reverse Charging,50 MP + 2 MP Dual Rear Camera,32 MP Front Camera,Android v16,Yes,No,"Bluetooth v5.4, WiFi",Yes,219 g,Extracted
PH034,Oppo K14 5G,Oppo,https://www.smartprix.com/mobiles/oppo-k14-ppd18o79qj03,oppo-k14.jpg,assets/phone_images/oppo-k14.jpg,,"6.75 inch, LCD Screen",LCD,120,720 x 1570 pixels,Mediatek Dimensity 6300,6 GB,128 GB,7000 mAh Battery,45W Fast Charging; Reverse Charging,50 MP + 2 MP Dual Rear Camera,8 MP Front Camera,Android v15,Yes,Yes,"Bluetooth v5.4, WiFi, NFC",Yes,216 g,Extracted
PH035,LAVA Bold 2 5G,LAVA,https://www.smartprix.com/mobiles/lava-bold-2-ppd12dj4kdtl,lava-bold-2-5g.jpg,assets/phone_images/lava-bold-2-5g.jpg,,"6.67 inch, AMOLED Screen",AMOLED,120,1080 x 2400 pixels,Mediatek Dimensity 7060,6 GB,128 GB,5000 mAh Battery,33W Fast Charging,50 MP + 2 MP Dual Rear Camera,8 MP Front Camera,Android v15,Yes,No,"Bluetooth, WiFi",Yes,174 g,Extracted
PH036,iQOO Z11x 5G,iQOO,https://www.smartprix.com/mobiles/iqoo-z11x-ppd1ol60m05r,iqoo-z11x.jpg,assets/phone_images/iqoo-z11x.jpg,,"6.76 inch, LCD Screen",LCD,120,1080 x 2344 pixels,Mediatek Dimensity 7400 Turbo,6 GB,128 GB,7200 mAh Battery,Reverse Charging,50 MP + 2 MP Dual Rear Camera,32 MP Front Camera,Android v16,Yes,No,"Bluetooth v5.4, WiFi",Yes,219 g,Extracted
PH037,Vivo Y51 Pro,Vivo,https://www.smartprix.com/mobiles/vivo-y51-pro-ppd12ifxgzf9,vivo-y51-pro.jpg,assets/phone_images/vivo-y51-pro.jpg,,"6.75 inch, LCD Screen",LCD,120,720 x 1570 pixels,Mediatek Dimensity 7360 Turbo,8 GB,128 GB,7200 mAh Battery,44W Fast Charging,50 MP + 2 MP Dual Rear Camera,8 MP Front Camera,Android v16,Yes,No,"Bluetooth v5.4, WiFi",Yes,219 g,Extracted
PH038,Poco C85x 5G,Poco,https://www.smartprix.com/mobiles/poco-c85x-ppd1hf7smzlw,poco-c85x.jpg,assets/phone_images/poco-c85x.jpg,,"6.9 inch, IPS Screen",IPS LCD,120,720 x 1600 pixels,Unisoc T8300,4 GB,64 GB,6300 mAh Battery,15W Fast Charging; 7.5W Reverse Charging,32 MP Rear Camera,8 MP Front Camera,Android v16,Yes,No,"Bluetooth v5.4, WiFi",Yes,210 g,Extracted
PH039,Itel Zeno 100,Itel,https://www.smartprix.com/mobiles/itel-zeno-100-ppd191303ucd,itel-zeno-100.jpg,assets/phone_images/itel-zeno-100.jpg,,"6.6 inch, IPS Screen",IPS LCD,90,720 x 1612 pixels,Unisoc T7100,3 GB,64 GB,5000 mAh Battery,10 Fast Charging,8 MP Rear Camera,5 MP Front Camera,Android v15,No,No,"Bluetooth v5.0, WiFi",Yes,,Extracted
PH040,Realme C83 5G,Realme,https://www.smartprix.com/mobiles/realme-c83-5g-ppd1867s4tap,realme-c83-5g.jpg,assets/phone_images/realme-c83-5g.jpg,,"6.8 inch, IPS Screen",IPS LCD,144,720 x 1570 pixels,Mediatek Dimensity 6300,4 GB,64 GB,7000 mAh Battery,15W Fast Charging; 5W Reverse Charging,13 MP Rear Camera,5 MP Front Camera,Android v16,Yes,No,"Bluetooth v5.3, WiFi",Yes,212 g,Extracted
PH041,Motorola Edge 70 Fusion,Motorola,https://www.smartprix.com/mobiles/motorola-edge-70-fusion-ppd1ktx4v2b3,motorola-edge-70-fusion.jpg,assets/phone_images/motorola-edge-70-fusion.jpg,,"6.78 inch, AMOLED Screen",AMOLED,500,1272 x 2772 pixels,Qualcomm Snapdragon 7s Gen4,8 GB,128 GB,7000 mAh Battery,68W TurboPower Fast Charging; Reverse Charging,50 MP + 13 MP + Dedicated 3-in-1 light sensor Triple Rear Camera with OIS,32 MP Front Camera,Android v16,Yes,Yes,"Bluetooth v6.0, WiFi, NFC",Yes,193 g,Extracted
PH042,Realme Narzo Power 5G,Realme,https://www.smartprix.com/mobiles/realme-narzo-power-5g-ppd12xzlzeqo,realme-narzo-power-5.jpg,assets/phone_images/realme-narzo-power-5.jpg,,"6.8 inch, AMOLED Screen",AMOLED,144,1280 x 2800 pixels,Mediatek Dimensity 7400 Ultra,8 GB,128 GB,10001 mAh Battery,27W Reverse Charging,50 MP + 8 MP Dual Rear Camera with OIS,16 MP Front Camera,Android v16,Yes,No,"Bluetooth v5.4, WiFi",Yes,219 g,Extracted
PH043,Ai+ Pulse 2,Ai+,https://www.smartprix.com/mobiles/ai-pulse-2-ppd1bla1zgt4,ai-pulse-2.jpg,assets/phone_images/ai-pulse-2.jpg,,"6.75 inch, TFT IPS Screen",IPS LCD,120,720 x 1600 pixels,Unisoc T7250,4 GB,64 GB,6000 mAh Battery,10W Fast Charging,50 MP Dual Rear Camera,8 MP Front Camera,Android v16,No,No,"Bluetooth v5.0, WiFi",Yes,193 g,Extracted
PH044,Infinix Note Edge 5G,Infinix,https://www.smartprix.com/mobiles/infinix-note-edge-ppd1kf4qybbv,infinix-note-edge-5g.jpg,assets/phone_images/infinix-note-edge-5g.jpg,,"6.78 inch, AMOLED Screen",AMOLED,120,1208 x 2644 pixels,Mediatek Dimensity 7100,6 GB,128 GB,6500 mAh Battery,45W Fast Charging; 10W Reverse Charging,50 MP Dual Rear Camera,13 MP Front Camera,Android v16,Yes,Yes,"Bluetooth v5.4, WiFi, NFC",Yes,185 g,Extracted
PH045,Tecno Pova Curve 2,Tecno,https://www.smartprix.com/mobiles/tecno-pova-curve-2-ppd1628rzej3,tecno-pova-curve-2.jpg,assets/phone_images/tecno-pova-curve-2.jpg,,"6.78 inch, AMOLED Screen",AMOLED,144,1208 x 2644 pixels,Mediatek Dimensity 7100,8 GB,128 GB,8000 mAh Battery,45W Fast Charging,50 MP + 2 MP Dual Rear Camera,13 MP Front Camera,Android v16,Yes,No,"Bluetooth, WiFi",Yes,195 g,Extracted
PH046,Lava Yuva Star 3,Lava,https://www.smartprix.com/mobiles/lava-yuva-star-3-ppd1srzb84ba,lava-yuva-star-3.jpg,assets/phone_images/lava-yuva-star-3.jpg,,"6.75 inch, IPS Screen",IPS LCD,90,720 x 1600 pixels,UNISOC 9863a,4 GB,64 GB,5000 mAh Battery,10W Fast Charging; Reverse Charging,13 MP Dual Rear Camera,5 MP Front Camera,Android v15,No,No,"Bluetooth v4.2, WiFi",Yes,193.7 g,Extracted
PH047,Oppo K14x 5G,Oppo,https://www.smartprix.com/mobiles/lava-yuva-star-3-ppd1srzb84ba,oppo-k14x-5g.jpg,assets/phone_images/oppo-k14x-5g.jpg,,"6.75 inch, IPS Screen",IPS LCD,90,720 x 1600 pixels,UNISOC 9863a,4 GB,64 GB,5000 mAh Battery,10W Fast Charging; Reverse Charging,13 MP Dual Rear Camera,5 MP Front Camera,Android v15,No,No,"Bluetooth v4.2, WiFi",Yes,193.7 g,Extracted
PH048,Samsung Galaxy F70e 5G,Samsung,https://www.smartprix.com/mobiles/samaung-galaxy-f70e-ppd1z0fqsy0z,samsung-galaxy-a07-5g.jpg,assets/phone_images/samsung-galaxy-a07-5g.jpg,,"6.7 inch, IPS LCD Screen",IPS LCD,120,720 x 1600 pixels,Mediatek Dimensity 6300,4 GB,128 GB,6000 mAh Battery,25W Fast Charging,50 MP + 2 MP Dual Rear Camera with OIS,8 MP Front Camera,Android v16,Yes,No,"Bluetooth v5.3, WiFi",Yes,199 g,Extracted
PH049,Realme P4 Power,Realme,https://www.smartprix.com/mobiles/realme-p4-power-5g-ppd1g2rnb2hl,realme-p4-power-5g.jpg,assets/phone_images/realme-p4-power-5g.jpg,,"6.8 inch, AMOLED Screen",AMOLED,144,1280 x 2800 pixels,Mediatek Dimensity 7400 Ultra,8 GB,128 GB,10001 mAh Battery,27W Reverse Charging,50 MP + 8 MP Dual Rear Camera with OIS,16 MP Front Camera,Android v16,Yes,No,"Bluetooth v5.4, WiFi",Yes,219 g,Extracted
PH050,Redmi Note 15 Pro,Redmi,https://www.smartprix.com/mobiles/xiaomi-redmi-note-15-pro-ppd1qlloghfg,xiaomi-redmi-note-15-pro.jpg,assets/phone_images/xiaomi-redmi-note-15-pro.jpg,,"6.83 inch, AMOLED Screen",AMOLED,120,1280 x 2772 pixels,Mediatek Dimensity 7400 Ultra,8 GB,128 GB,6580 mAh Battery,22.5W Reverse Charging,200 MP + 8 MP Dual Rear Camera with OIS,20 MP Front Camera,Android v15,Yes,No,"Bluetooth v5.4, WiFi",Yes,210 g,Extracted
PH051,Oppo A6 5G,Oppo,https://www.smartprix.com/mobiles/oppo-a6-5g-ppd1w8ogtisz,oppo-a6-5g.jpg,assets/phone_images/oppo-a6-5g.jpg,,"6.75 inch, LCD Screen",LCD,120,720 x 1570 pixels,Mediatek Dimensity 6300,4 GB,128 GB,7000 mAh Battery,45W Fast Charging,50 MP + 2 MP Dual Rear Camera,8 MP Front Camera,Android v15,Yes,Yes,"Bluetooth v5.4, WiFi, NFC",Yes,216 g,Extracted
PH052,Lava Blaze Duo 3 5G,Lava,https://www.smartprix.com/mobiles/lava-blaze-duo-3-ppd1o5e6uwhh,lava-blaze-duo-3-5g.jpg,assets/phone_images/lava-blaze-duo-3-5g.jpg,,"6.67 inch, AMOLED Screen",AMOLED,120,1080 x 2400 pixels,MediaTek Dimensity 7060,6 GB,128 GB,5000 mAh Battery,33W Fast Charging,50 MP Dual Rear Camera,8 MP Front Camera,Android v15,Yes,No,"Bluetooth v5.2, WiFi",Yes,181 g,Extracted
PH053,Tecno Spark Go 3,Tecno,https://www.smartprix.com/mobiles/tecno-spark-go-3-ppd14d94on3z,tecno-spark-go-3.jpg,assets/phone_images/tecno-spark-go-3.jpg,,"6.74 inch, IPS Screen",IPS LCD,120,720 x 1600 pixels,Unisoc T7250,4 GB,64 GB,5000 mAh Battery,,13 MP Rear Camera,8 MP Front Camera,Android v15,No,No,"Bluetooth, WiFi",Yes,,Extracted
PH054,Samsung Galaxy A07 5G,Samsung,https://www.smartprix.com/mobiles/samsung-galaxy-a07-5g-ppd1l9e8wv61,samsung-galaxy-a07-5g.jpg,assets/phone_images/samsung-galaxy-a07-5g.jpg,,"6.74 inch, LCD Screen",LCD,120,720 x 1600 pixels,Mediatek Dimensity 6300,4 GB,128 GB,6000 mAh Battery,25W Fast Charging,50 MP + 2 MP Dual Rear Camera,8 MP Front Camera,Android v16,Yes,No,"Bluetooth v5.3, WiFi",Yes,199 g,Extracted
PH055,Poco M8,Poco,https://www.smartprix.com/mobiles/poco-m8-ppd1t4l0hpfr,poco-m8.jpg,assets/phone_images/poco-m8.jpg,,"6.77 inch, IPS LCD Screen",IPS LCD,120,1080 x 2392 pixels,Qualcomm Snapdragon 6 Gen3,6 GB,128 GB,5520 mAh Battery,45W Fast Charging; 18W Reverse Charging,50 MP + 2 MP Dual Rear Camera,20 MP Front Camera,Android v15,Yes,No,"Bluetooth v5.3, WiFi",Yes,178 g,Extracted
PH056,Redmi Note 15,Redmi,https://www.smartprix.com/mobiles/xiaomi-redmi-note-15-ppd1nya0l7ja,xiaomi-redmi-note-15-pro.jpg,assets/phone_images/xiaomi-redmi-note-15-pro.jpg,,"6.77 inch, AMOLED Screen",AMOLED,840,1080 x 2392 pixels,Qualcomm Snapdragon 6 Gen3,8 GB,128 GB,5520 mAh Battery,45W Fast Charging; 18W Reverse Charging,108 MP + 8 MP Dual Rear Camera,20 MP Front Camera,Android v15,Yes,Yes,"Bluetooth v5.3, WiFi, NFC",Yes,178 g,Extracted
PH057,Oppo A6 Pro 5G,Oppo,https://www.smartprix.com/mobiles/oppo-a6-pro-ppd14vheuq5t,oppo-a6-pro-5g.jpg,assets/phone_images/oppo-a6-pro-5g.jpg,,"6.75 inch, IPS Screen",IPS LCD,120,720 x 1570 pixels,Mediatek Dimensity 6300,8 GB,128 GB,7000 mAh Battery,80W Fast Charging; Reverse Charging,50 MP Dual Rear Camera,16 MP Front Camera,Android v15,Yes,No,"Bluetooth v5.4, WiFi",Yes,216 g,Extracted
