phone_id,phone_name,platform,review_count,positive_count,neutral_count,negative_count,positive_percent,neutral_percent,negative_percent,avg_confidence
PH002,Realme P4R 5G,Amazon,1.0,0.0,1.0,0.0,0.0,100.0,0.0,0.7804
PH002,Realme P4R 5G,Flipkart,28.0,18.0,7.0,3.0,64.29,25.0,10.71,0.8375
PH003,Infinix SMART 20,Flipkart,3.0,0.0,2.0,1.0,0.0,66.67,33.33,0.6823
PH006,Oppo A6c,Flipkart,1.0,0.0,0.0,1.0,0.0,0.0,100.0,0.9358
PH007,Realme 16T 5G,Amazon,45.0,38.0,1.0,6.0,84.44,2.22,13.33,0.8932
PH007,Realme 16T 5G,Flipkart,10.0,5.0,0.0,5.0,50.0,0.0,50.0,0.8953
PH008,HMD Vibe 2 5G,Flipkart,106.0,84.0,6.0,16.0,79.25,5.66,15.09,0.8855
PH009,Moto G37 Power,Amazon,1.0,0.0,0.0,1.0,0.0,0.0,100.0,0.8151
PH009,Moto G37 Power,Flipkart,28.0,16.0,0.0,12.0,57.14,0.0,42.86,0.9051
PH010,Moto G37,Flipkart,38.0,21.0,4.0,13.0,55.26,10.53,34.21,0.8375
PH012,Oneplus Nord CE 6 Lite,Amazon,99.0,84.0,7.0,8.0,84.85,7.07,8.08,0.8981
PH012,Oneplus Nord CE 6 Lite,Flipkart,14.0,10.0,1.0,3.0,71.43,7.14,21.43,0.8409
PH013,Poco C81,Flipkart,11.0,3.0,3.0,5.0,27.27,27.27,45.45,0.7688
PH014,Poco C81x,Flipkart,11.0,4.0,1.0,6.0,36.36,9.09,54.55,0.7773
PH015,Redmi A7,Amazon,6.0,1.0,1.0,4.0,16.67,16.67,66.67,0.7829
PH015,Redmi A7,Flipkart,2.0,1.0,0.0,1.0,50.0,0.0,50.0,0.9504
PH016,Redmi A7 Pro,Amazon,93.0,47.0,10.0,36.0,50.54,10.75,38.71,0.8541
PH016,Redmi A7 Pro,Flipkart,42.0,11.0,9.0,22.0,26.19,21.43,52.38,0.8093
PH017,Tecno Pop X 5G,Amazon,7.0,4.0,0.0,3.0,57.14,0.0,42.86,0.9445
PH018,Vivo Y05,Amazon,10.0,3.0,3.0,4.0,30.0,30.0,40.0,0.8351
PH019,Oppo F33 5G,Amazon,6.0,3.0,2.0,1.0,50.0,33.33,16.67,0.8772
PH019,Oppo F33 5G,Flipkart,8.0,4.0,2.0,2.0,50.0,25.0,25.0,0.7317
PH020,Vivo T5 Pro 5G,Amazon,10.0,9.0,0.0,1.0,90.0,0.0,10.0,0.9151
PH020,Vivo T5 Pro 5G,Flipkart,105.0,79.0,10.0,16.0,75.24,9.52,15.24,0.8743
PH021,Realme Narzo 100 Lite 5G,Amazon,64.0,33.0,11.0,20.0,51.56,17.19,31.25,0.8355
PH021,Realme Narzo 100 Lite 5G,Flipkart,2.0,1.0,0.0,1.0,50.0,0.0,50.0,0.7964
PH022,Ai+ Nova 2 Ultra 5G,Flipkart,86.0,47.0,16.0,23.0,54.65,18.6,26.74,0.8215
PH023,Ai+ Nova 2 5G,Amazon,1.0,0.0,1.0,0.0,0.0,100.0,0.0,0.7892
PH023,Ai+ Nova 2 5G,Flipkart,60.0,42.0,7.0,11.0,70.0,11.67,18.33,0.8373
PH024,Redmi Note 15 SE 5G,Amazon,5.0,1.0,0.0,4.0,20.0,0.0,80.0,0.8511
PH024,Redmi Note 15 SE 5G,Flipkart,40.0,32.0,5.0,3.0,80.0,12.5,7.5,0.8831
PH025,Lava Bold N2 Lite,Amazon,3.0,1.0,0.0,2.0,33.33,0.0,66.67,0.8186
PH025,Lava Bold N2 Lite,Flipkart,1.0,0.0,0.0,1.0,0.0,0.0,100.0,0.847
PH026,Tecno Spark 50 5G,Amazon,2.0,0.0,0.0,2.0,0.0,0.0,100.0,0.8943
PH026,Tecno Spark 50 5G,Flipkart,2.0,1.0,1.0,0.0,50.0,50.0,0.0,0.8449
PH027,Redmi 15A 5G,Amazon,2.0,0.0,0.0,2.0,0.0,0.0,100.0,0.7528
PH027,Redmi 15A 5G,Flipkart,31.0,18.0,5.0,8.0,58.06,16.13,25.81,0.8696
PH028,Vivo Y11 5G,Amazon,14.0,6.0,1.0,7.0,42.86,7.14,50.0,0.8997
PH029,Vivo Y21 5G,Amazon,6.0,2.0,1.0,3.0,33.33,16.67,50.0,0.8672
PH029,Vivo Y21 5G,Flipkart,2.0,1.0,1.0,0.0,50.0,50.0,0.0,0.5896
PH030,Realme P4 Lite 5G,Amazon,22.0,14.0,5.0,3.0,63.64,22.73,13.64,0.8491
PH030,Realme P4 Lite 5G,Flipkart,22.0,14.0,5.0,3.0,63.64,22.73,13.64,0.8491
PH031,Oppo A6s 5G,Amazon,89.0,69.0,10.0,10.0,77.53,11.24,11.24,0.8839
PH032,Samsung Galaxy M17e 5G,Amazon,109.0,56.0,18.0,35.0,51.38,16.51,32.11,0.8123
PH032,Samsung Galaxy M17e 5G,Flipkart,16.0,7.0,3.0,6.0,43.75,18.75,37.5,0.819
PH033,Vivo T5x 5G,Amazon,31.0,17.0,2.0,12.0,54.84,6.45,38.71,0.8821
PH033,Vivo T5x 5G,Flipkart,96.0,65.0,21.0,10.0,67.71,21.88,10.42,0.862
PH034,Oppo K14 5G,Amazon,3.0,1.0,0.0,2.0,33.33,0.0,66.67,0.8511
PH034,Oppo K14 5G,Flipkart,86.0,46.0,16.0,24.0,53.49,18.6,27.91,0.8559
PH035,LAVA Bold 2 5G,Amazon,119.0,93.0,13.0,13.0,78.15,10.92,10.92,0.858
PH036,iQOO Z11x 5G,Amazon,100.0,71.0,13.0,16.0,71.0,13.0,16.0,0.8221
PH036,iQOO Z11x 5G,Flipkart,40.0,39.0,1.0,0.0,97.5,2.5,0.0,0.9166
PH037,Vivo Y51 Pro,Amazon,9.0,4.0,1.0,4.0,44.44,11.11,44.44,0.8765
PH037,Vivo Y51 Pro,Flipkart,5.0,4.0,0.0,1.0,80.0,0.0,20.0,0.7772
PH038,Poco C85x 5G,Amazon,15.0,3.0,1.0,11.0,20.0,6.67,73.33,0.8601
PH038,Poco C85x 5G,Flipkart,103.0,85.0,15.0,3.0,82.52,14.56,2.91,0.8365
PH040,Realme C83 5G,Amazon,28.0,18.0,4.0,6.0,64.29,14.29,21.43,0.8282
PH040,Realme C83 5G,Flipkart,6.0,2.0,1.0,3.0,33.33,16.67,50.0,0.7673
PH041,Motorola Edge 70 Fusion,Amazon,38.0,24.0,4.0,10.0,63.16,10.53,26.32,0.8624
PH041,Motorola Edge 70 Fusion,Flipkart,62.0,58.0,1.0,3.0,93.55,1.61,4.84,0.938
PH042,Realme Narzo Power 5G,Amazon,45.0,22.0,8.0,15.0,48.89,17.78,33.33,0.8384
PH042,Realme Narzo Power 5G,Flipkart,7.0,2.0,0.0,5.0,28.57,0.0,71.43,0.8528
PH043,Ai+ Pulse 2,Amazon,13.0,1.0,1.0,11.0,7.69,7.69,84.62,0.8963
PH043,Ai+ Pulse 2,Flipkart,31.0,25.0,4.0,2.0,80.65,12.9,6.45,0.8637
PH044,Infinix Note Edge 5G,Flipkart,25.0,20.0,1.0,4.0,80.0,4.0,16.0,0.9171
PH045,Tecno Pova Curve 2,Amazon,3.0,0.0,1.0,2.0,0.0,33.33,66.67,0.8697
PH045,Tecno Pova Curve 2,Flipkart,30.0,16.0,3.0,11.0,53.33,10.0,36.67,0.8745
PH047,Oppo K14x 5G,Amazon,28.0,15.0,3.0,10.0,53.57,10.71,35.71,0.9053
PH047,Oppo K14x 5G,Flipkart,103.0,78.0,2.0,23.0,75.73,1.94,22.33,0.9093
PH048,Samsung Galaxy F70e 5G,Amazon,22.0,10.0,0.0,12.0,45.45,0.0,54.55,0.8621
PH048,Samsung Galaxy F70e 5G,Flipkart,150.0,94.0,18.0,38.0,62.67,12.0,25.33,0.8668
PH049,Realme P4 Power,Amazon,5.0,3.0,0.0,2.0,60.0,0.0,40.0,0.8462
PH049,Realme P4 Power,Flipkart,30.0,25.0,2.0,3.0,83.33,6.67,10.0,0.891
PH050,Redmi Note 15 Pro,Amazon,99.0,59.0,10.0,30.0,59.6,10.1,30.3,0.8696
PH050,Redmi Note 15 Pro,Flipkart,7.0,5.0,0.0,2.0,71.43,0.0,28.57,0.8272
PH051,Oppo A6 5G,Amazon,6.0,3.0,0.0,3.0,50.0,0.0,50.0,0.9393
PH051,Oppo A6 5G,Flipkart,4.0,2.0,0.0,2.0,50.0,0.0,50.0,0.9139
PH052,Lava Blaze Duo 3 5G,Amazon,13.0,10.0,1.0,2.0,76.92,7.69,15.38,0.8824
PH053,Tecno Spark Go 3,Amazon,66.0,56.0,6.0,4.0,84.85,9.09,6.06,0.8728
PH053,Tecno Spark Go 3,Flipkart,5.0,1.0,0.0,4.0,20.0,0.0,80.0,0.8691
PH054,Samsung Galaxy A07 5G,Amazon,16.0,10.0,1.0,5.0,62.5,6.25,31.25,0.8436
PH054,Samsung Galaxy A07 5G,Flipkart,2.0,1.0,1.0,0.0,50.0,50.0,0.0,0.8247
PH055,Poco M8,Amazon,61.0,38.0,5.0,18.0,62.3,8.2,29.51,0.8696
PH055,Poco M8,Flipkart,105.0,92.0,6.0,7.0,87.62,5.71,6.67,0.9054
PH056,Redmi Note 15,Amazon,97.0,71.0,9.0,17.0,73.2,9.28,17.53,0.8532
PH056,Redmi Note 15,Flipkart,22.0,21.0,0.0,1.0,95.45,0.0,4.55,0.9442
PH057,Oppo A6 Pro 5G,Amazon,24.0,18.0,0.0,6.0,75.0,0.0,25.0,0.9032
PH057,Oppo A6 Pro 5G,Flipkart,7.0,7.0,0.0,0.0,100.0,0.0,0.0,0.9247
