phone_id,phone_name,smartprix_link
PH001,Tecno Pova 8 5G,https://www.smartprix.com/mobiles/tecno-pova-8-5g-ppd1pk7ncy4d
PH002,Realme P4R 5G,https://www.smartprix.com/mobiles/realme-p4r-5g-ppd11xf05zc2
PH003,Infinix SMART 20,https://www.smartprix.com/mobiles/infinix-smart-20-ppd1hr2rwk9y
PH004,LAVA Bold N2,https://www.smartprix.com/mobiles/lava-bold-n2-ppd102mposnx
PH005,LAVA Shark 2 5G,https://www.smartprix.com/mobiles/lava-shark-2-5g-ppd1xdydzt44
PH006,Oppo A6c,https://www.smartprix.com/mobiles/oppo-a6c-ppd1b2vvn41l
PH007,Realme 16T 5G,https://www.smartprix.com/mobiles/realme-16t-5g-ppd18kz6oazl
PH008,HMD Vibe 2 5G,https://www.smartprix.com/mobiles/hmd-vibe-2-5g-ppd1vmboj6a8
PH009,Moto G37 Power,https://www.smartprix.com/mobiles/motorola-moto-g37-power-ppd1w91daysx
PH010,Moto G37,https://www.smartprix.com/mobiles/motorola-moto-g37-ppd1va77lc8s
PH011,Itel Zeno 200,https://www.smartprix.com/mobiles/itel-zeno-200-ppd1mnsjgm39
PH012,Oneplus Nord CE 6 Lite,https://www.smartprix.com/mobiles/oneplus-nord-ce-6-lite-ppd1g3giwwva
PH013,Poco C81,https://www.smartprix.com/mobiles/poco-c81-ppd16td5skp4
PH014,Poco C81x,https://www.smartprix.com/mobiles/poco-c81x-ppd1lq32d6ze
PH015,Redmi A7,https://www.smartprix.com/mobiles/xiaomi-redmi-a7-4g-ppd1hkpvjsoe
PH016,Redmi A7 Pro,https://www.smartprix.com/mobiles/xiaomi-redmi-a7-pro-5g-ppd1cnmjcowe
PH017,Tecno Pop X 5G,https://www.smartprix.com/mobiles/tecno-pop-x-5g-ppd1gj0661me
PH018,Vivo Y05,https://www.smartprix.com/mobiles/vivo-y05-ppd12gn69s3c
PH019,Oppo F33 5G,https://www.smartprix.com/mobiles/oppo-f33-ppd18kxqpob7
PH020,Vivo T5 Pro 5G,https://www.smartprix.com/mobiles/vivo-t5-pro-ppd1jr3xj863
PH021,Realme Narzo 100 Lite 5G,https://www.smartprix.com/mobiles/realme-narzo-100-lite-ppd1pmwn763b
PH022,Ai+ Nova 2 Ultra 5G,https://www.smartprix.com/mobiles/ai-nova-2-ultra-ppd1hlvx6m0g
PH023,Ai+ Nova 2 5G,https://www.smartprix.com/mobiles/ai-nova-2-ppd1i8rdcplq
PH024,Redmi Note 15 SE 5G,https://www.smartprix.com/mobiles/xiaomi-redmi-note-15-5g-special-edition-ppd103v7vlm2
PH025,Lava Bold N2 Lite,https://www.smartprix.com/mobiles/lava-bold-n2-lite-ppd1ewkb36sc
PH026,Tecno Spark 50 5G,https://www.smartprix.com/mobiles/tecno-spark-50-ppd1v1623nbx
PH027,Redmi 15A 5G,https://www.smartprix.com/mobiles/xiaomi-redmi-15a-5g-ppd16k3r1eha
PH028,Vivo Y11 5G,https://www.smartprix.com/mobiles/vivo-y11-5g-ppd1r02w1sdu
PH029,Vivo Y21 5G,https://www.smartprix.com/mobiles/vivo-y21-5g-ppd1o8utwqt9
PH030,Realme P4 Lite 5G,https://www.smartprix.com/mobiles/realme-p4-lite-5g-ppd1u3wmqsvk
PH031,Oppo A6s 5G,https://www.smartprix.com/mobiles/oppo-a6s-5g-ppd19g7fx6k4
PH032,Samsung Galaxy M17e 5G,https://www.smartprix.com/mobiles/samsung-galaxy-m17e-ppd159q5wrb0
PH033,Vivo T5x 5G,https://www.smartprix.com/mobiles/vivo-t5x-5g-ppd1rtf1u89r
PH034,Oppo K14 5G,https://www.smartprix.com/mobiles/oppo-k14-ppd18o79qj03
PH035,LAVA Bold 2 5G,https://www.smartprix.com/mobiles/lava-bold-2-ppd12dj4kdtl
PH036,iQOO Z11x 5G,https://www.smartprix.com/mobiles/iqoo-z11x-ppd1ol60m05r
PH037,Vivo Y51 Pro,https://www.smartprix.com/mobiles/vivo-y51-pro-ppd12ifxgzf9
PH038,Poco C85x 5G,https://www.smartprix.com/mobiles/poco-c85x-ppd1hf7smzlw
PH039,Itel Zeno 100,https://www.smartprix.com/mobiles/itel-zeno-100-ppd191303ucd
PH040,Realme C83 5G,https://www.smartprix.com/mobiles/realme-c83-5g-ppd1867s4tap
PH041,Motorola Edge 70 Fusion,https://www.smartprix.com/mobiles/motorola-edge-70-fusion-ppd1ktx4v2b3
PH042,Realme Narzo Power 5G,https://www.smartprix.com/mobiles/realme-narzo-power-5g-ppd12xzlzeqo
PH043,Ai+ Pulse 2,https://www.smartprix.com/mobiles/ai-pulse-2-ppd1bla1zgt4
PH044,Infinix Note Edge 5G,https://www.smartprix.com/mobiles/infinix-note-edge-ppd1kf4qybbv
PH045,Tecno Pova Curve 2,https://www.smartprix.com/mobiles/tecno-pova-curve-2-ppd1628rzej3
PH046,Lava Yuva Star 3,https://www.smartprix.com/mobiles/lava-yuva-star-3-ppd1srzb84ba
PH047,Oppo K14x 5G,https://www.smartprix.com/mobiles/lava-yuva-star-3-ppd1srzb84ba
PH048,Samsung Galaxy F70e 5G,https://www.smartprix.com/mobiles/samaung-galaxy-f70e-ppd1z0fqsy0z
PH049,Realme P4 Power,https://www.smartprix.com/mobiles/realme-p4-power-5g-ppd1g2rnb2hl
PH050,Redmi Note 15 Pro,https://www.smartprix.com/mobiles/xiaomi-redmi-note-15-pro-ppd1qlloghfg
PH051,Oppo A6 5G,https://www.smartprix.com/mobiles/oppo-a6-5g-ppd1w8ogtisz
PH052,Lava Blaze Duo 3 5G,https://www.smartprix.com/mobiles/lava-blaze-duo-3-ppd1o5e6uwhh
PH053,Tecno Spark Go 3,https://www.smartprix.com/mobiles/tecno-spark-go-3-ppd14d94on3z
PH054,Samsung Galaxy A07 5G,https://www.smartprix.com/mobiles/samsung-galaxy-a07-5g-ppd1l9e8wv61
PH055,Poco M8,https://www.smartprix.com/mobiles/poco-m8-ppd1t4l0hpfr
PH056,Redmi Note 15,https://www.smartprix.com/mobiles/xiaomi-redmi-note-15-ppd1nya0l7ja
PH057,Oppo A6 Pro 5G,https://www.smartprix.com/mobiles/oppo-a6-pro-ppd14vheuq5t
